exercise,x_joint_1,y_joint_1,x_joint_2,y_joint_2,x_joint_3,y_joint_3
1,654.5,477.5,492.0,494.0,536.5,623.5
1,649.0,474.0,487.5,493.5,541.0,617.5
1,647.5,473.5,487.5,503.5,545.5,616.0
1,645.0,473.0,487.5,505.5,531.5,618.5
1,645.5,473.0,485.0,499.0,532.5,621.0
1,645.5,473.0,484.0,497.5,529.5,626.0
1,646.0,473.0,484.0,504.5,531.5,625.0
1,646.5,473.5,484.5,506.0,535.0,624.0
1,646.0,474.5,484.5,506.5,534.5,624.5
1,646.0,475.0,484.5,506.0,535.0,624.0
1,646.5,475.0,484.5,506.5,534.0,624.5
1,646.5,476.0,484.5,506.5,538.0,621.5
1,647.0,476.5,484.5,507.0,538.0,620.0
1,647.0,476.5,484.5,506.5,538.5,618.5
1,647.0,476.5,484.5,506.0,538.5,617.5
1,647.0,476.5,484.5,506.0,538.5,617.5
1,647.0,476.5,486.0,505.5,540.5,617.0
1,647.0,476.5,486.5,505.5,542.5,616.0
1,647.0,476.5,486.5,498.0,533.0,620.0
1,647.0,477.0,486.5,502.0,530.0,622.5
1,647.0,477.0,486.0,498.0,528.5,624.5
1,647.0,477.0,485.5,497.0,528.0,625.5
1,647.0,477.0,485.5,496.0,527.0,626.0
1,647.5,477.0,485.5,502.0,528.0,625.0
1,647.5,477.0,485.5,497.5,528.5,624.5
1,647.5,477.0,486.5,502.5,542.5,619.5
1,647.5,477.0,486.5,506.0,548.0,617.5
1,647.5,477.0,487.0,506.0,547.0,617.0
1,648.0,477.5,487.5,505.5,544.5,617.5
1,648.0,477.0,488.0,505.5,543.5,617.5
1,648.0,477.0,488.0,505.5,544.5,617.5
1,648.0,477.0,488.0,506.5,549.0,617.0
1,648.5,477.0,487.5,507.0,551.5,617.5
1,648.0,476.5,487.5,506.5,550.0,617.5
1,648.0,476.5,487.5,506.5,549.0,617.0
1,648.0,476.0,487.5,507.0,547.0,617.0
1,647.5,476.0,486.0,507.0,546.5,613.5
1,647.0,477.0,483.5,501.0,545.5,612.0
1,646.5,479.5,483.5,499.0,536.5,613.0
1,649.0,483.0,486.5,496.5,532.5,618.5
1,651.0,484.0,488.5,497.0,530.5,624.0
1,652.5,484.5,490.0,506.0,520.0,652.0
1,655.5,484.5,494.5,507.5,516.0,653.5
1,656.5,486.0,495.0,508.0,522.5,650.0
1,655.5,485.0,495.0,499.5,523.0,644.0
1,650.0,483.0,499.5,500.0,522.5,644.0
1,646.0,480.5,505.5,500.0,518.0,648.0
1,647.0,480.5,503.5,498.5,512.5,647.0
1,644.5,480.0,504.5,508.0,500.5,634.5
1,643.5,479.5,503.0,498.5,493.0,623.0
1,643.0,480.0,503.5,498.5,498.0,629.5
1,642.5,479.5,497.0,504.5,500.5,644.5
1,643.0,479.5,489.5,509.5,501.5,654.5
1,642.0,478.5,487.5,511.0,500.5,658.5
1,642.0,478.0,486.5,510.5,500.0,660.0
1,642.0,477.0,489.0,509.5,500.5,660.0
1,642.5,476.5,490.0,509.5,500.5,662.0
1,643.0,476.5,490.0,510.0,501.0,662.5
1,643.5,477.5,490.5,510.5,500.5,661.0
1,643.5,477.5,489.5,510.5,499.5,660.0
1,644.5,477.5,489.5,511.0,499.0,651.0
1,645.0,477.5,488.5,510.5,501.0,646.5
1,645.5,477.5,488.0,510.0,503.0,642.5
1,646.0,478.0,487.5,510.0,503.0,643.5
1,647.0,478.5,487.5,510.5,503.0,647.0
1,648.0,478.5,489.0,509.0,504.0,647.0
1,647.5,478.0,489.0,511.0,504.0,648.0
1,647.5,478.5,488.0,512.0,504.0,655.0
1,647.5,478.5,487.0,512.0,504.0,656.5
1,648.0,478.5,487.0,512.0,500.5,656.0
1,648.0,479.0,486.5,511.5,500.5,655.5
1,648.0,480.0,487.0,511.5,502.0,651.0
1,648.0,480.5,485.0,511.5,502.0,655.5
1,649.0,481.0,484.5,511.5,502.5,657.5
1,649.0,481.5,484.5,511.0,502.5,656.0
1,649.0,482.0,485.0,511.0,502.5,657.0
1,648.5,482.5,485.5,510.5,502.0,652.0
1,648.5,483.0,486.0,510.5,502.0,652.0
1,649.5,483.5,486.0,510.5,502.0,652.0
1,650.0,485.0,486.0,510.5,502.0,656.0
1,650.0,485.0,486.0,511.0,503.0,656.0
1,650.5,485.5,490.5,498.0,508.0,643.0
1,649.5,485.0,494.5,492.0,516.0,634.0
1,649.0,485.0,496.0,491.0,513.5,633.0
1,648.5,485.5,496.5,491.0,519.0,632.5
1,648.0,485.5,497.0,491.5,524.0,633.0
1,647.5,485.5,496.0,502.5,526.0,634.5
1,647.0,485.5,494.5,505.5,527.0,635.0
1,646.5,485.5,492.0,507.0,533.0,633.0
1,646.5,485.5,492.0,507.5,535.0,633.0
1,646.0,485.0,503.0,499.5,537.5,631.0
1,645.5,484.0,506.0,497.5,542.0,627.0
1,645.5,484.0,507.5,496.5,546.0,623.5
1,645.5,483.0,508.5,496.0,545.0,622.5
1,645.5,482.0,507.5,495.5,545.5,621.5
1,645.0,482.0,506.5,495.5,544.0,622.5
1,645.0,482.0,499.5,506.0,547.5,623.5
1,644.5,482.0,508.0,501.0,547.5,623.5
1,644.0,482.0,511.5,498.0,552.5,621.5
1,644.0,481.5,497.5,506.0,539.5,632.0
1,643.5,481.0,494.5,508.0,532.5,635.0
1,643.5,481.0,495.0,508.5,534.5,633.5
1,643.5,481.0,492.5,511.0,529.5,638.0
1,644.5,481.5,489.0,511.5,517.0,640.5
1,645.0,481.5,490.0,512.0,514.5,642.0
1,645.5,481.5,491.0,512.0,513.5,641.0
1,645.5,481.5,492.5,512.0,513.0,641.0
1,646.0,482.0,493.0,512.0,498.0,638.5
1,646.5,482.0,494.0,511.0,492.0,639.0
1,646.5,481.0,492.0,511.0,488.0,638.0
1,646.5,480.5,492.5,511.0,494.0,633.0
1,647.0,480.5,492.5,510.0,497.5,630.0
1,647.0,480.5,492.5,509.5,505.5,627.5
1,647.0,480.5,491.5,509.5,516.0,629.5
1,646.5,481.0,491.0,509.0,524.0,630.0
1,646.0,481.0,491.0,509.0,513.0,631.0
1,646.0,481.0,498.5,497.0,508.0,628.5
1,646.0,481.0,497.5,501.0,504.0,628.5
1,646.0,481.0,492.5,503.5,502.5,628.5
1,646.0,481.0,493.0,499.5,519.5,629.5
1,646.5,481.0,492.0,497.5,522.5,630.0
1,647.0,481.5,491.0,497.0,522.0,630.5
1,647.0,481.5,491.0,497.0,521.0,630.5
1,647.0,482.0,490.0,496.5,520.0,630.5
1,647.0,482.5,490.0,496.5,519.5,630.5
1,646.5,482.5,489.5,497.0,516.5,630.5
1,646.5,483.0,485.0,507.0,513.5,631.0
1,646.5,483.0,484.0,510.0,513.0,631.5
1,646.5,483.0,484.5,503.0,513.0,631.5
1,646.5,483.0,485.5,500.5,512.5,631.5
1,646.5,483.0,486.0,498.0,512.5,631.5
1,646.5,483.0,487.5,498.0,509.0,631.5
1,646.5,483.0,488.0,498.0,508.5,631.5
1,646.5,482.5,489.0,498.0,507.5,632.5
1,647.0,482.0,490.5,497.0,511.5,633.0
1,647.5,483.0,492.5,497.0,522.0,632.5
1,648.0,483.5,495.5,495.5,525.5,629.5
1,648.0,484.0,498.5,495.0,527.5,629.0
1,648.0,485.0,497.0,503.0,530.5,629.0
1,647.0,485.0,498.5,500.5,533.0,628.5
1,647.0,485.0,498.0,497.5,523.0,628.5
1,646.5,484.5,498.0,496.5,525.5,627.5
1,646.5,484.5,497.0,495.0,526.0,626.0
1,645.5,483.5,497.5,494.5,526.5,625.0
1,645.5,483.5,493.5,505.0,525.0,625.0
1,645.5,483.5,491.0,508.0,522.0,625.0
1,645.5,483.5,492.0,500.5,520.0,625.0
1,644.5,483.5,490.5,506.5,518.5,625.5
1,644.5,483.5,489.5,508.0,518.5,625.5
1,644.5,483.5,489.5,508.5,517.5,626.0
1,645.0,483.5,489.0,509.0,518.0,626.0
1,644.5,483.5,489.5,509.0,519.5,626.0
1,644.5,483.5,489.5,509.0,520.0,626.0
1,645.0,483.5,491.5,497.0,522.5,626.0
1,645.0,483.5,494.0,494.0,523.0,625.5
1,645.0,483.5,496.5,493.0,526.0,625.0
1,645.0,483.5,496.5,493.0,527.5,624.5
1,645.0,483.5,496.5,492.5,528.0,624.5
1,645.0,483.5,496.5,492.0,528.0,624.5
1,645.0,483.5,497.0,492.0,529.0,623.5
1,645.0,483.5,497.0,491.5,529.0,623.5
1,645.0,483.5,497.5,491.5,530.0,622.5
1,645.0,483.5,497.5,492.0,530.5,622.5
1,645.0,483.5,497.0,492.0,531.5,622.5
1,644.5,483.0,494.5,502.5,531.0,624.0
1,644.0,483.0,493.0,505.0,527.5,625.0
1,644.0,483.0,492.0,506.0,527.0,625.0
1,643.5,483.0,492.5,506.0,526.5,624.5
1,643.5,483.0,492.0,506.5,525.5,625.0
1,643.0,483.5,487.0,508.5,524.5,626.0
1,643.0,483.5,486.0,509.5,522.0,628.0
1,642.5,484.0,484.5,509.5,513.0,631.5
1,642.0,484.0,484.5,509.5,509.5,635.5
1,642.0,484.5,484.0,509.5,512.0,634.5
1,642.0,484.5,484.5,509.0,513.5,630.0
1,642.0,484.5,485.0,509.0,515.5,628.0
1,642.0,484.5,485.0,509.0,515.5,626.5
1,641.5,484.5,485.0,509.0,518.0,624.0
1,641.5,484.5,485.0,508.5,523.0,623.0
1,641.0,484.5,485.5,508.5,524.0,622.0
1,640.5,485.0,484.0,508.5,518.0,627.5
1,641.0,485.0,484.5,508.5,518.0,627.5
1,641.5,485.5,486.5,508.5,520.0,625.5
1,642.0,485.0,487.0,508.5,520.0,625.5
1,642.0,485.0,487.0,508.0,519.0,625.5
1,642.0,485.0,493.5,489.0,519.0,623.0
1,642.0,485.0,496.0,487.0,522.5,620.0
1,642.5,484.0,500.5,484.5,522.5,619.0
1,644.0,483.5,503.0,483.5,523.0,619.0
1,644.0,484.0,504.0,483.0,522.5,619.5
1,644.5,484.0,506.5,483.5,524.0,617.0
1,644.5,484.0,507.5,482.0,523.5,615.0
1,644.5,484.0,509.5,481.0,523.5,614.5
1,644.5,484.0,510.0,482.5,523.0,615.0
1,644.0,484.0,509.5,483.0,520.0,615.5
1,644.0,484.0,508.5,483.5,516.5,617.5
1,644.0,484.5,507.5,485.5,511.0,621.5
1,644.0,484.5,502.5,486.0,500.0,621.0
1,643.5,484.5,499.0,501.0,497.5,621.0
1,643.5,484.5,496.5,504.0,501.5,623.5
1,643.0,485.0,500.0,499.0,503.0,625.5
1,643.0,485.5,500.0,501.5,514.0,627.0
1,643.0,485.5,500.0,502.0,520.0,625.5
1,643.0,485.5,499.0,492.0,518.0,625.5
1,643.0,485.5,499.0,499.0,515.5,626.5
1,643.0,486.0,492.5,504.0,501.5,627.0
1,643.5,486.0,493.5,505.5,503.0,631.5
1,643.5,486.0,495.0,506.0,504.5,630.5
1,644.0,486.0,495.5,506.0,505.0,630.5
1,644.0,486.0,493.5,508.5,498.5,634.0
1,644.0,485.5,497.5,512.0,498.0,633.0
1,643.5,485.5,496.0,511.0,498.5,631.0
1,643.5,485.5,494.5,512.0,500.0,633.0
1,644.0,486.0,495.0,511.5,509.0,634.0
1,644.0,486.0,497.0,511.5,522.5,633.5
1,643.5,486.0,499.5,511.0,527.5,630.5
1,644.0,485.5,502.5,510.5,522.0,622.5
1,644.0,485.0,503.0,510.0,520.5,620.5
1,644.0,484.5,502.5,510.0,515.0,621.5
1,644.0,485.0,499.0,510.0,502.5,628.0
1,644.5,485.0,497.0,512.5,511.5,641.5
1,644.5,485.5,497.0,513.0,511.0,645.0
1,646.0,485.5,498.5,512.0,517.5,641.0
1,645.5,485.0,504.0,511.0,520.5,639.5
1,645.5,484.0,507.0,507.5,520.0,639.0
1,646.0,483.0,504.5,507.0,518.0,635.5
1,646.0,483.0,506.5,499.5,523.5,631.0
1,646.0,482.5,504.5,498.5,522.0,630.5
1,646.0,482.5,500.0,502.0,523.5,630.0
1,646.0,482.5,500.0,503.5,522.0,630.0
1,646.0,482.5,495.0,507.0,515.0,634.0
1,646.5,482.0,493.5,508.0,516.0,634.0
1,646.5,482.0,492.5,508.5,513.5,635.0
1,646.5,481.5,492.0,508.5,512.0,635.0
1,646.0,481.5,492.5,508.5,506.5,635.0
1,646.5,481.5,494.0,499.5,508.0,633.5
1,646.5,480.5,493.5,501.0,508.5,631.5
1,646.0,480.0,494.0,497.5,508.5,631.5
1,646.0,479.5,494.0,498.0,506.0,632.5
1,646.5,479.0,498.0,498.0,520.0,629.0
1,647.0,479.0,498.5,498.0,521.5,629.0
1,646.5,479.0,500.0,499.0,526.5,629.0
1,646.5,479.0,500.0,498.5,525.5,629.0
1,646.5,479.0,499.0,498.5,523.5,628.5
1,646.0,479.0,495.0,498.5,521.0,629.0
1,646.5,479.0,491.5,505.0,516.0,631.5
1,646.5,479.0,490.0,507.0,515.5,633.0
1,646.5,479.0,488.0,509.0,514.0,635.5
1,646.0,479.5,489.0,508.5,514.0,635.0
1,645.5,479.5,489.0,508.0,515.0,634.0
1,645.5,479.5,491.5,500.5,515.5,632.0
1,645.0,479.5,489.5,505.0,518.0,628.0
1,645.0,480.0,488.0,506.5,517.5,628.5
1,644.5,480.0,488.0,507.5,517.5,628.5
1,645.0,480.0,488.0,508.0,514.0,627.0
1,645.0,480.0,488.0,508.5,513.5,627.5
1,644.5,480.0,487.5,508.5,513.0,626.5
1,645.0,479.5,488.0,508.5,511.5,625.5
1,644.5,479.5,487.5,508.5,508.5,625.0
1,644.5,479.5,486.0,509.5,506.5,643.5
1,644.0,479.5,485.5,509.5,506.0,643.0
1,643.5,479.0,485.5,510.0,504.5,647.0
1,643.5,478.5,487.0,510.0,503.5,642.0
1,643.0,478.0,488.0,501.5,504.0,632.0
1,643.0,477.5,491.0,493.5,504.5,621.5
1,642.5,477.5,491.0,494.0,504.5,623.5
1,643.0,477.5,492.5,496.5,504.5,627.5
1,643.0,477.5,493.5,497.5,504.0,630.0
1,643.5,477.5,494.0,506.0,503.0,639.5
1,644.5,478.0,494.5,507.5,500.5,638.0
1,645.0,478.0,495.0,499.5,496.5,625.0
1,646.5,478.5,496.0,496.5,496.0,620.0
1,646.5,479.0,496.0,496.0,495.5,617.5
1,646.5,479.5,497.0,494.5,496.5,616.0
1,646.0,480.5,497.5,494.0,497.0,615.0
1,646.0,480.0,498.5,494.5,498.0,617.5
1,646.0,480.0,501.0,493.5,498.5,618.5
1,645.5,480.0,501.0,490.5,498.5,618.5
1,646.0,479.0,507.0,491.5,500.5,609.0
1,646.0,478.5,510.0,492.0,501.0,610.0
1,644.5,478.0,507.5,496.5,501.0,613.0
1,644.0,478.5,506.0,497.0,499.5,614.5
1,643.0,478.0,505.0,500.0,503.0,622.5
1,643.5,477.5,501.0,498.0,506.5,628.5
1,643.5,478.0,497.5,498.0,507.5,634.0
1,646.0,478.5,497.5,503.5,509.0,638.5
1,646.5,479.5,495.5,506.0,514.0,639.5
1,648.0,481.0,495.0,505.0,514.0,639.5
1,650.0,482.5,494.0,505.0,517.0,636.0
1,653.0,483.5,493.0,504.5,524.0,636.5
1,653.5,485.0,491.0,506.5,520.5,641.5
1,653.5,485.5,490.0,507.0,519.0,644.0
1,654.0,485.5,489.0,507.5,522.5,644.5
1,654.5,486.0,489.5,507.0,542.5,632.0
1,655.5,486.5,493.0,499.0,535.0,627.0
1,656.0,486.5,498.5,497.0,532.0,628.0
1,656.0,486.5,500.5,495.5,535.0,627.5
1,656.5,486.5,501.5,494.0,538.0,624.0
1,656.5,486.0,501.5,495.0,528.0,627.5
1,655.5,485.0,500.5,493.5,528.5,624.5
1,654.0,484.5,497.5,494.0,526.0,623.5
1,653.5,485.0,497.5,494.5,526.5,620.5
1,653.0,485.5,495.5,494.5,525.5,618.5
1,651.5,485.0,492.0,492.5,518.5,616.0
1,651.0,484.5,487.0,488.5,504.0,614.5
1,651.0,484.5,487.5,489.0,509.0,614.0
1,650.0,484.0,484.5,488.5,508.0,615.5
1,650.0,483.0,484.5,488.5,509.5,616.5
1,649.5,482.5,483.0,488.5,511.5,618.5
1,650.0,481.5,483.0,489.5,509.0,618.5
1,650.5,480.5,484.5,488.0,499.5,615.0
1,650.0,480.0,485.0,488.5,499.0,616.5
1,650.0,480.0,482.5,488.5,498.0,616.5
1,650.0,480.0,481.5,488.5,498.0,615.0
1,649.0,480.0,481.5,489.0,498.0,615.5
1,647.5,480.0,480.5,488.0,499.5,614.0
1,647.0,480.0,480.0,490.0,520.5,614.0
1,647.0,479.5,481.5,491.5,526.5,613.5
1,647.5,479.5,482.0,492.5,526.5,613.5
1,647.5,479.5,482.5,493.0,528.0,613.5
1,647.5,479.5,482.5,494.0,526.5,614.5
1,647.0,479.5,481.5,494.0,525.0,615.5
1,647.0,479.0,482.0,493.5,514.5,615.5
1,647.0,479.0,482.5,493.0,514.5,616.0
1,647.0,479.0,483.0,493.0,514.5,616.0
1,647.0,478.5,483.0,492.5,510.0,617.0
1,647.0,478.5,483.0,492.5,510.5,617.5
1,647.0,478.5,482.5,493.0,516.5,618.5
1,647.0,478.5,484.5,494.0,528.5,617.5
1,647.0,478.5,484.5,494.5,527.0,618.0
1,647.0,477.5,485.0,494.5,525.0,618.5
1,647.0,478.0,483.0,494.5,519.5,623.5
1,647.5,478.0,482.5,504.0,517.5,627.5
1,647.5,478.0,482.5,506.0,518.5,627.0
1,647.5,478.5,482.5,506.0,518.0,626.5
1,648.0,478.5,482.5,506.5,521.0,626.0
1,648.0,477.5,483.0,498.5,511.0,628.5
1,648.0,477.5,483.5,495.5,512.5,627.5
1,649.0,477.5,483.5,493.0,512.5,626.0
1,649.5,477.5,483.5,492.5,512.5,625.5
1,650.5,479.0,484.0,493.0,513.5,623.0
1,650.5,479.5,485.0,490.5,512.0,618.5
1,650.5,479.5,485.5,490.0,511.5,617.5
1,652.0,481.0,492.5,492.5,523.5,617.5
1,651.0,481.5,493.5,494.0,528.0,618.0
1,650.5,482.5,491.5,493.5,527.5,624.0
1,650.0,483.5,492.5,495.0,525.5,633.0
1,650.5,484.0,495.0,495.0,524.0,635.5
1,651.5,486.0,495.5,496.0,524.5,635.5
1,652.5,487.0,495.0,498.5,524.0,639.0
1,652.5,487.0,492.0,498.0,522.5,639.0
1,652.0,486.5,491.0,499.0,521.5,636.5
1,648.5,484.0,498.0,501.5,515.5,633.0
1,645.5,480.5,498.5,495.5,504.5,624.0
1,645.0,479.5,503.0,492.0,508.0,622.5
1,643.0,478.5,502.5,488.0,500.0,609.5
1,642.5,479.0,502.0,490.5,499.5,613.5
1,641.5,479.5,501.5,490.5,497.0,616.5
1,641.5,478.5,501.0,491.0,498.5,618.0
1,643.0,477.0,493.0,504.0,503.0,632.5
1,644.0,476.5,492.0,499.0,504.5,631.0
1,643.0,476.5,492.5,502.5,510.0,634.0
1,644.0,477.0,493.5,497.0,512.5,632.5
1,644.0,475.5,496.0,491.0,513.5,627.5
1,643.5,475.5,505.5,490.5,516.0,626.0
1,644.5,476.5,509.0,491.0,520.5,624.0
1,645.5,477.0,510.0,490.5,520.5,620.0
1,648.0,477.5,510.5,490.0,518.5,611.0
1,647.5,477.5,508.5,490.0,518.5,610.5
1,647.0,477.5,507.0,490.0,518.0,608.0
1,647.5,478.0,505.5,490.0,517.5,611.0
1,647.0,478.0,503.0,491.0,517.5,613.5
1,646.5,478.5,501.0,491.5,516.5,615.0
1,646.5,479.0,492.0,505.0,512.0,627.0
1,646.5,479.0,490.5,507.5,511.5,630.0
1,646.5,480.5,489.5,508.0,511.5,633.0
1,646.0,480.5,490.0,508.5,511.5,634.0
1,646.0,481.0,493.5,502.5,514.0,633.0
1,646.0,481.0,494.0,502.5,512.0,639.5
1,646.0,481.0,496.5,500.5,513.5,638.0
1,645.5,480.5,500.0,499.5,514.0,638.0
1,645.0,481.0,501.0,499.0,514.0,639.0
1,645.0,481.0,500.5,499.0,511.5,641.5
1,645.0,481.0,500.0,496.0,511.0,640.0
1,645.0,481.0,500.0,493.5,514.5,637.0
1,645.0,481.5,500.0,492.5,516.0,635.0
1,644.0,481.5,502.5,491.5,520.0,631.0
1,644.5,481.5,504.0,491.5,525.0,628.0
1,645.0,481.5,505.0,491.5,527.5,628.0
1,645.5,482.0,505.0,492.0,532.5,625.5
1,646.5,482.5,504.5,492.5,534.0,625.0
1,647.0,482.5,504.0,494.0,534.5,625.5
1,647.5,483.5,503.5,495.5,535.0,626.0
1,648.5,483.5,494.5,504.0,536.5,625.0
1,649.0,483.5,492.5,506.0,534.5,625.0
1,649.5,483.5,494.5,502.5,534.0,625.0
1,649.5,483.5,490.0,508.5,539.0,623.0
1,649.0,483.0,488.5,510.5,543.0,620.5
1,648.5,483.0,489.0,511.0,542.5,621.5
1,648.0,483.0,490.5,509.5,542.0,621.0
1,648.5,482.5,491.0,509.0,541.5,620.5
1,648.5,482.0,499.5,496.5,541.0,620.5
1,648.5,482.0,500.5,491.0,539.5,620.5
1,649.0,482.0,500.5,492.5,542.0,618.5
1,648.5,482.0,497.5,502.5,546.5,616.5
1,648.5,482.0,496.5,506.0,550.0,616.0
1,648.5,482.0,502.5,499.5,548.5,616.5
1,648.5,482.0,499.0,505.0,548.0,616.5
1,648.5,482.0,502.5,498.0,547.5,618.0
1,648.5,482.0,504.0,496.5,549.0,618.0
1,648.5,482.0,505.5,493.5,548.5,619.5
1,648.0,482.0,505.0,494.0,548.5,619.5
1,648.0,481.5,506.5,493.0,549.5,618.5
1,648.0,481.5,510.5,491.5,549.5,618.0
1,647.5,481.0,510.0,491.5,544.5,623.5
1,646.5,481.0,508.5,491.0,541.0,624.0
1,646.0,481.0,508.0,490.0,541.0,623.5
1,646.0,480.5,505.0,490.0,540.5,622.5
1,645.5,480.5,508.5,490.0,541.0,623.0
1,646.5,480.5,508.5,490.0,539.0,624.0
1,646.5,480.5,508.0,491.5,537.5,625.5
1,646.5,481.0,496.0,504.0,537.0,625.5
1,646.5,481.0,493.0,507.0,533.5,627.0
1,646.0,481.0,490.0,509.5,524.5,633.0
1,646.0,481.5,488.0,510.5,511.5,637.0
1,647.5,481.5,491.5,509.0,518.0,635.5
1,647.5,482.0,492.0,510.5,511.0,638.5
1,647.5,482.0,492.5,509.0,513.5,637.5
1,647.0,482.5,491.0,509.0,510.5,636.5
1,647.0,482.0,490.0,508.5,504.0,635.5
1,647.0,482.0,490.0,509.5,501.5,639.0
1,646.5,482.0,489.0,511.0,505.5,640.0
1,646.5,482.0,487.0,511.0,508.0,639.5
1,647.0,482.0,487.5,511.0,516.0,637.5
1,647.5,482.0,489.5,511.0,513.5,634.5
1,648.0,482.5,493.0,500.5,509.0,633.0
1,647.5,482.5,492.0,498.5,513.5,633.0
1,647.0,482.5,493.0,496.5,517.5,632.5
1,647.0,482.5,494.0,495.0,518.5,632.5
1,647.0,482.5,494.5,495.0,519.5,632.5
1,647.0,482.5,492.5,504.5,522.5,632.5
1,647.5,483.0,494.5,499.0,522.5,632.0
1,647.0,483.0,495.0,502.5,522.5,629.0
1,647.5,483.0,495.5,504.0,523.0,627.5
1,648.0,483.5,496.5,505.0,526.0,627.0
1,649.0,483.5,501.5,496.0,527.5,627.0
1,648.5,484.5,501.5,494.5,528.0,627.0
1,648.5,484.5,502.5,494.0,530.5,627.0
1,648.5,484.5,502.5,493.5,530.5,627.5
1,648.5,484.5,503.5,493.5,532.0,627.5
1,648.0,485.0,504.5,493.0,534.0,627.5
1,648.5,485.0,505.5,493.0,536.0,628.0
1,648.5,485.0,505.5,493.0,538.0,626.5
1,648.0,485.0,507.0,493.0,539.5,625.5
1,647.5,484.5,507.0,492.5,541.5,625.5
1,647.0,484.0,506.5,492.5,542.5,623.5
1,647.0,484.0,506.0,491.5,541.5,622.5
1,647.0,484.0,498.0,501.0,541.5,623.0
1,647.0,484.5,496.5,504.0,539.0,623.0
1,647.5,484.5,497.0,499.0,532.5,624.0
1,647.0,484.0,508.0,498.0,537.5,623.0
1,647.0,484.5,510.5,497.0,538.5,623.5
1,647.0,485.0,511.5,496.5,540.0,623.0
1,647.0,485.0,510.0,495.5,535.5,624.0
1,647.5,485.0,509.0,494.5,535.5,624.5
1,646.5,485.0,508.5,493.5,533.5,623.0
1,646.0,485.0,502.0,501.5,535.0,622.5
1,645.0,485.0,498.0,504.0,535.0,622.0
1,645.0,485.0,498.5,504.5,539.5,621.0
1,644.5,485.5,499.5,505.0,539.5,620.5
1,644.5,485.5,497.5,505.0,540.5,618.0
1,644.0,485.5,497.0,505.5,535.0,617.0
1,644.0,486.0,497.0,505.5,533.5,616.0
1,644.5,486.0,497.0,505.5,536.0,615.5
1,644.5,486.0,496.0,505.5,536.0,618.5
1,643.0,486.5,490.5,505.5,526.5,619.5
1,642.0,486.5,488.5,505.0,523.5,620.5
1,641.5,486.5,490.0,505.0,525.5,622.5
1,641.5,487.0,489.0,505.5,519.5,625.5
1,640.5,486.0,487.5,505.5,515.5,625.5
1,641.0,486.5,488.0,506.0,519.0,627.0
1,641.0,486.5,487.0,506.0,521.0,626.5
1,641.0,486.0,487.0,506.0,512.0,630.5
1,641.0,485.5,488.0,506.0,515.0,629.0
1,641.5,485.5,489.5,506.5,511.5,629.0
1,641.5,485.0,489.0,506.0,507.5,629.5
1,640.0,485.5,486.0,507.5,507.5,630.0
1,640.0,485.5,487.0,507.0,510.5,629.5
1,640.5,485.5,492.5,505.0,511.0,627.5
1,641.0,485.5,498.0,489.0,510.5,624.5
1,641.5,485.0,496.5,496.5,501.5,623.5
1,642.0,485.5,493.0,501.0,485.5,624.0
1,642.0,485.5,492.0,503.5,498.5,628.0
1,642.0,485.5,492.0,505.0,500.0,624.0
1,643.5,486.0,499.5,493.5,498.0,624.0
1,643.5,485.5,499.0,497.0,510.5,624.0
1,643.5,485.5,497.5,501.5,494.5,625.5
1,644.0,485.0,497.0,504.0,498.0,625.5
1,644.0,484.5,495.0,504.5,499.5,628.0
1,644.0,484.0,494.5,505.0,509.5,627.5
1,643.5,485.0,494.5,508.5,519.0,629.5
1,643.5,485.0,498.0,508.0,523.0,629.5
1,644.5,484.0,500.0,507.5,520.5,629.0
1,644.5,484.0,500.0,508.5,515.0,639.0
1,645.5,483.0,497.0,511.0,509.0,644.5
1,647.5,483.5,501.5,510.5,517.5,643.5
1,647.5,483.5,499.5,512.0,522.5,643.0
1,647.0,483.5,499.5,512.0,523.5,641.5
1,647.5,483.5,498.0,511.5,518.5,643.0
1,647.5,483.5,497.0,511.0,513.5,641.0
1,648.5,483.5,504.0,500.5,513.5,637.5
1,648.0,483.0,504.5,498.0,513.5,634.0
1,648.5,482.5,503.5,502.5,515.0,635.0
1,649.0,482.0,499.5,505.0,515.5,636.0
1,648.5,482.0,498.0,505.5,518.5,634.5
1,648.5,481.5,497.0,506.0,520.5,632.5
1,648.5,481.5,497.5,502.0,517.5,633.5
1,647.5,481.0,496.5,503.5,518.5,633.0
1,647.0,481.0,498.0,500.0,524.0,629.5
1,647.5,481.0,498.5,500.0,528.5,629.5
1,647.5,480.5,501.0,500.5,530.5,628.5
1,647.0,480.5,500.5,500.5,531.5,628.5
1,647.0,480.5,500.0,502.5,530.0,629.5
1,647.5,480.5,500.0,503.0,534.0,628.5
1,647.5,480.0,500.0,503.0,535.0,629.0
1,648.0,479.0,499.5,503.5,537.0,628.0
1,647.0,478.0,490.5,508.5,536.0,627.5
1,645.5,478.0,488.0,510.0,532.0,628.5
1,645.0,478.0,487.0,510.5,530.5,628.0
1,644.5,478.0,487.5,510.5,528.5,626.5
1,644.5,477.5,485.0,510.5,526.5,626.5
1,644.5,477.5,481.5,511.5,522.5,628.0
1,644.5,477.5,483.0,511.0,522.5,628.0
1,644.5,477.5,484.0,511.0,523.5,628.0
1,644.5,477.5,485.0,508.5,521.5,630.0
1,645.0,477.5,487.0,507.5,522.0,630.5
1,645.0,477.5,489.0,506.5,522.5,630.5
1,645.0,477.0,490.0,506.5,522.0,630.5
1,645.0,477.0,491.5,506.0,515.0,633.5
1,645.0,476.5,494.5,505.5,514.0,633.5
1,645.0,476.5,496.5,505.0,508.0,633.5
1,645.0,476.5,500.0,501.0,509.0,632.5
1,644.5,476.5,496.5,505.0,506.5,638.5
1,644.5,476.5,494.0,505.5,506.0,640.0
1,644.5,476.5,492.5,506.5,505.5,641.0
1,644.5,477.5,492.5,507.0,505.0,641.0
1,644.5,478.0,492.0,507.0,506.0,636.5
1,644.5,478.0,494.0,503.0,500.5,637.5
1,644.5,477.5,495.0,503.0,502.5,645.5
1,644.5,477.5,495.0,503.0,504.0,639.5
1,644.5,477.5,495.0,503.5,504.5,638.5
1,644.5,477.5,494.5,498.0,505.5,633.0
1,643.5,476.5,493.5,495.0,501.0,625.0
1,644.0,476.5,500.0,495.0,494.0,618.0
1,644.5,476.0,501.5,495.0,492.0,618.5
1,645.5,476.0,501.5,495.5,484.5,619.0
1,646.5,476.0,501.0,497.0,482.5,621.0
1,647.0,476.0,500.5,497.0,485.0,622.5
1,648.5,476.5,499.5,499.0,488.0,628.5
1,652.0,477.0,498.5,503.0,503.5,640.5
1,654.5,478.0,498.0,503.0,511.5,640.0
1,655.5,479.0,497.0,504.0,520.0,639.0
1,654.5,480.0,494.5,497.0,517.0,639.5
1,654.5,482.5,491.5,503.5,515.0,645.5
1,656.5,487.0,491.0,504.0,519.0,644.5
1,656.0,486.5,494.0,495.5,519.5,643.0
1,655.5,486.0,494.5,493.5,519.5,642.0
1,655.0,484.5,495.5,492.5,520.0,637.5
1,655.0,482.5,496.5,491.5,519.0,635.5
1,655.0,480.5,496.0,499.0,519.0,631.5
1,655.0,480.0,496.0,501.5,519.0,630.5
1,655.0,480.0,495.5,496.5,519.5,629.0
1,655.0,480.0,495.5,494.0,520.0,629.5
1,655.0,480.5,495.0,495.0,526.5,628.0
1,655.0,481.5,493.0,495.0,525.0,628.0
1,654.5,482.5,488.0,495.0,522.5,625.0
1,653.5,482.5,487.5,504.5,526.5,625.0
1,653.0,482.5,486.5,506.5,524.0,626.0
1,652.0,482.5,485.0,507.0,527.0,626.0
1,652.0,483.0,484.5,507.5,526.0,627.0
1,652.0,483.0,485.0,508.0,518.0,632.0
1,652.0,483.0,485.5,508.0,509.5,635.5
1,652.0,483.0,484.0,508.0,511.5,635.5
1,652.0,483.0,484.5,508.0,509.0,635.0
1,652.0,482.5,483.0,497.5,507.5,634.5
1,652.0,482.5,482.5,496.5,509.0,634.5
1,652.0,482.5,482.5,504.0,508.5,634.0
1,652.0,481.5,483.0,507.0,512.0,636.0
1,652.0,480.5,483.0,507.5,520.0,635.5
1,651.0,478.5,482.0,508.0,519.5,636.5
1,650.5,478.0,481.0,508.5,519.0,639.0
1,649.5,477.5,480.5,508.5,517.5,639.5
1,648.0,476.5,480.5,508.5,525.5,629.5
1,648.0,476.5,482.5,508.5,524.5,630.0
1,647.5,476.5,483.5,508.0,527.0,627.0
1,647.5,476.5,484.5,508.5,527.5,627.0
1,647.5,476.5,485.0,508.5,529.0,627.0
1,647.5,476.0,485.5,508.5,527.5,628.0
1,647.5,476.0,486.0,508.5,526.5,628.5
1,647.5,476.0,486.5,508.5,525.0,629.5
1,647.5,476.0,486.5,508.5,524.0,629.5
1,647.0,476.0,486.5,508.5,524.0,630.0
1,647.0,476.0,486.5,508.5,524.0,630.0
1,647.0,476.0,486.5,508.5,529.0,627.0
1,647.0,476.0,486.5,508.5,528.5,626.0
1,646.5,476.0,486.0,508.5,525.0,627.5
1,646.5,476.0,485.5,508.5,527.0,625.5
1,646.0,475.0,485.0,508.5,525.5,626.0
1,646.5,474.5,486.0,507.0,512.0,629.0
1,649.0,474.5,487.0,493.0,510.5,629.0
1,649.0,474.5,487.5,492.0,510.0,630.5
1,649.0,476.5,487.5,493.5,521.0,629.0
1,649.0,478.5,487.5,494.0,528.5,626.5
1,650.0,481.0,488.0,494.5,527.0,627.5
1,651.0,482.0,489.5,495.5,526.0,635.0
1,651.5,482.0,492.0,495.0,522.0,646.0
1,652.0,483.5,497.5,496.0,520.0,651.0
1,654.5,484.0,504.5,496.5,520.5,645.5
1,655.0,484.0,503.5,496.0,521.5,643.0
1,652.5,483.5,501.5,494.5,521.0,643.0
1,650.0,481.0,502.5,495.5,516.0,643.0
1,648.5,476.5,503.5,496.5,509.5,646.0
1,645.5,474.5,503.0,497.5,507.0,648.0
1,644.0,474.0,502.0,500.5,502.5,646.0
1,643.5,475.5,504.5,500.0,497.0,639.5
1,643.5,477.0,504.0,497.5,495.5,626.5
1,645.0,477.5,503.0,499.0,496.5,630.0
1,644.0,477.5,499.0,501.0,500.0,634.5
1,643.0,477.5,497.0,503.5,501.5,637.5
1,641.5,477.5,493.5,508.0,503.0,643.0
1,641.5,477.5,488.0,511.5,503.5,648.5
1,641.5,477.0,488.0,511.5,503.5,652.0
1,641.0,476.0,488.0,510.5,504.0,649.5
1,640.5,476.0,488.5,510.0,504.5,649.0
1,640.5,475.5,489.0,509.5,504.5,652.5
1,640.0,475.5,488.5,509.0,503.5,651.5
1,639.0,475.5,491.5,508.0,498.5,642.5
1,639.0,475.5,491.5,507.5,497.5,639.5
1,639.0,475.5,491.0,508.0,501.0,638.5
1,639.0,476.5,491.0,508.5,508.5,638.5
1,639.0,476.5,490.0,509.5,507.5,641.5
1,639.5,477.0,488.5,511.0,507.0,644.0
1,639.5,477.5,488.0,512.0,507.0,644.5
1,640.0,478.5,486.0,512.5,507.0,645.0
1,640.5,479.5,485.5,512.5,506.5,639.5
1,641.0,479.5,485.0,512.5,505.0,641.0
1,641.5,480.0,484.5,512.5,504.5,643.0
1,642.0,479.5,484.5,513.0,499.0,637.5
1,642.0,479.5,484.5,513.0,498.5,637.0
1,642.0,479.5,484.5,513.0,499.0,635.5
1,642.5,479.5,484.5,512.5,498.5,635.0
1,643.0,479.0,484.5,512.5,499.0,635.0
1,643.0,479.0,485.5,512.5,499.0,636.5
1,643.5,479.0,485.5,512.0,499.0,636.5
1,644.0,478.5,485.5,512.0,500.0,633.5
1,643.5,478.0,486.0,511.5,503.5,630.0
1,644.0,478.0,485.0,511.5,507.5,631.0
1,644.0,477.5,485.0,512.0,507.5,635.0
1,644.5,477.0,485.0,512.0,508.0,636.5
1,645.0,477.5,485.0,512.0,507.5,639.5
1,645.0,477.5,485.0,512.0,507.0,646.5
1,645.5,477.0,484.5,512.0,507.0,649.0
1,645.0,476.5,484.0,511.5,508.5,646.5
1,645.0,476.5,484.0,511.5,508.5,645.0
1,645.0,475.5,484.0,511.5,509.5,645.0
1,645.0,474.5,484.0,511.5,508.5,647.5
1,645.0,474.5,484.0,511.5,508.5,648.5
1,644.5,474.0,484.5,511.5,508.0,648.0
1,644.5,474.0,484.0,512.0,507.0,652.0
1,644.5,474.0,484.5,512.5,506.5,653.5
1,644.5,474.0,484.5,512.5,506.5,653.0
1,644.0,474.0,484.0,512.5,504.0,652.0
1,644.0,474.0,484.0,512.5,504.0,652.0
1,644.0,474.0,483.5,512.0,504.0,652.5
1,643.5,475.0,483.5,512.0,503.5,652.5
1,644.0,476.0,484.5,511.5,504.0,650.0
1,644.5,476.0,485.0,511.0,505.0,649.0
1,644.5,477.0,485.5,511.0,505.0,651.0
1,644.0,478.0,487.0,511.0,507.0,648.0
1,644.5,478.5,487.0,510.5,508.0,646.0
1,645.0,479.5,486.5,510.5,509.0,641.5
1,645.0,480.5,486.0,510.5,509.0,640.5
1,645.0,481.0,485.5,510.5,508.5,643.5
1,645.5,481.5,485.5,511.0,509.5,642.0
1,646.0,481.5,485.0,511.0,517.5,637.0
1,646.5,481.5,486.0,510.5,527.0,630.0
1,647.0,481.0,486.0,510.0,535.0,623.0
1,647.0,481.5,486.5,509.5,532.0,624.5
1,647.5,481.5,486.5,509.5,533.5,624.5
1,647.0,481.5,486.5,509.5,530.5,624.5
1,646.5,481.0,486.5,509.5,533.0,622.5
1,646.0,481.5,486.5,507.5,534.0,622.0
1,646.0,481.5,487.5,507.5,539.0,619.5
1,645.0,481.5,488.0,508.0,542.5,621.0
1,644.5,482.0,488.0,508.0,543.0,622.0
1,645.0,482.0,490.5,507.5,544.5,621.0
1,645.5,482.0,502.5,497.0,544.0,620.5
1,645.0,482.0,498.5,498.5,543.0,620.5
1,645.0,482.0,497.0,499.5,540.0,622.0
1,645.5,482.0,496.0,499.5,540.5,623.0
1,645.5,481.5,502.0,493.5,540.5,623.5
1,646.0,481.5,506.5,492.0,541.5,623.5
1,646.0,481.5,508.5,492.5,541.5,624.0
1,646.0,481.5,505.0,491.0,540.0,623.0
1,646.5,481.0,504.5,491.5,536.5,623.0
1,646.5,481.0,495.5,502.5,535.5,624.0
1,646.5,481.0,493.0,505.5,531.0,629.0
1,647.0,481.5,494.0,507.0,534.0,628.0
1,648.0,481.5,496.5,509.0,544.5,625.5
1,648.5,481.0,500.0,508.0,546.0,625.5
1,648.5,480.5,499.0,507.0,538.0,628.5
1,648.5,480.5,497.5,508.5,525.5,633.0
1,648.5,480.5,497.5,507.5,524.5,632.0
1,648.5,480.5,497.5,507.0,527.5,631.5
1,649.0,480.5,497.0,508.0,521.0,636.0
1,649.0,481.0,497.0,507.5,523.5,635.5
1,649.0,481.5,497.0,508.0,528.5,629.5
1,649.0,481.5,496.0,508.5,499.0,629.5
1,649.0,481.5,495.0,508.0,515.0,629.5
1,649.5,482.5,495.5,507.0,530.5,627.0
1,648.5,482.5,494.5,507.0,530.0,627.5
1,648.0,482.0,493.0,508.0,529.5,631.0
1,647.0,482.5,491.5,508.5,517.0,633.5
1,647.0,482.5,492.0,508.5,515.5,633.5
1,647.0,482.0,492.5,508.5,506.5,635.0
1,647.5,482.0,491.5,508.5,510.5,635.5
1,647.5,482.0,492.0,501.5,517.5,635.0
1,647.5,482.0,492.5,500.0,522.5,635.0
1,647.0,482.5,491.0,499.5,519.0,635.0
1,647.0,482.5,491.0,497.5,518.5,633.0
1,647.0,482.0,490.5,502.5,518.0,629.5
1,647.5,482.0,490.5,505.0,519.0,628.0
1,647.5,482.0,490.5,506.0,518.5,627.0
1,647.5,482.0,489.5,506.5,518.0,627.0
1,648.0,482.0,489.0,507.0,516.5,627.5
1,648.0,482.0,487.5,508.5,515.5,628.0
1,648.0,482.0,488.0,499.5,515.5,628.0
1,648.0,482.0,487.5,497.0,514.0,628.5
1,648.5,482.0,488.0,496.5,511.5,629.5
1,648.5,482.0,486.5,505.5,507.5,632.5
1,649.0,482.5,487.0,507.0,509.0,633.0
1,649.0,482.5,487.0,509.0,508.5,633.5
1,648.5,482.5,486.0,509.5,505.5,634.0
1,648.0,482.5,485.5,510.0,505.5,634.5
1,648.0,482.5,485.5,509.5,514.0,635.0
1,648.0,483.0,486.0,509.5,519.0,634.5
1,648.0,483.5,488.5,509.5,525.5,629.0
1,648.0,484.0,489.0,509.5,524.0,629.0
1,648.0,484.5,490.0,509.0,525.0,629.0
1,648.0,485.0,490.0,509.0,528.5,629.0
1,647.5,485.0,495.5,507.5,527.5,629.0
1,647.5,485.5,497.5,507.0,531.0,628.0
1,647.5,485.5,496.5,507.0,529.5,627.5
1,647.5,486.0,494.5,507.5,526.5,627.5
1,646.5,486.0,490.0,507.5,526.5,626.0
1,646.0,486.0,489.5,508.0,525.0,626.0
1,646.0,486.5,491.0,507.5,529.5,626.0
1,646.0,486.5,492.0,507.0,537.5,624.0
1,645.5,486.0,493.5,507.0,541.0,624.5
1,645.5,486.0,492.5,507.5,537.5,625.0
1,645.5,486.5,492.5,508.0,536.0,626.5
1,646.0,486.5,493.5,507.0,536.0,626.5
1,646.5,486.5,496.0,506.5,537.0,626.0
1,646.0,486.5,497.0,506.5,538.0,624.0
1,646.0,486.5,497.5,506.5,539.5,623.5
1,645.5,486.0,495.0,506.0,531.5,623.0
1,645.5,486.0,493.0,506.0,525.0,622.5
1,644.5,485.5,488.5,506.5,522.5,624.5
1,644.0,485.5,486.5,506.5,522.0,626.5
1,643.5,484.5,486.0,507.0,522.0,627.5
1,643.5,484.5,486.0,507.0,522.0,628.5
1,643.5,484.5,486.0,507.5,520.0,630.0
1,642.5,484.0,485.5,508.0,517.0,633.0
1,642.5,483.5,484.0,509.5,515.5,635.0
1,642.0,483.5,483.5,510.0,516.0,635.5
1,641.5,483.5,484.0,510.0,517.0,634.5
1,641.5,483.5,484.5,510.0,519.5,634.0
1,641.5,484.0,484.5,510.0,520.0,630.5
1,642.0,484.0,488.5,508.0,524.5,629.5
1,641.0,484.5,487.0,508.0,525.0,630.5
1,641.0,484.5,487.0,508.0,523.5,630.5
1,640.5,484.5,487.0,508.5,526.0,629.5
1,640.5,484.5,489.5,508.0,522.5,630.5
1,640.5,485.0,489.0,509.0,519.0,630.5
1,640.5,485.5,490.5,508.0,517.5,631.5
1,640.5,485.0,491.5,507.5,514.5,627.5
1,640.5,484.5,491.5,507.0,511.5,628.0
1,641.0,484.5,499.5,489.5,512.0,623.0
1,641.5,484.5,500.0,484.5,500.5,616.0
1,641.5,485.0,502.0,484.0,504.0,617.0
1,641.5,485.0,502.5,488.0,515.5,622.0
1,641.0,485.5,496.0,502.0,514.5,629.0
1,641.0,486.0,495.5,505.0,514.5,632.0
1,641.5,486.0,495.0,506.0,524.0,630.0
1,642.0,486.5,495.0,506.5,525.0,629.5
1,642.0,486.5,504.5,496.0,523.5,629.0
1,642.5,486.0,498.5,502.5,523.5,629.5
1,642.0,485.5,498.0,504.5,523.5,629.0
1,642.0,485.0,495.0,507.5,511.5,633.0
1,642.5,485.0,493.5,508.5,502.0,633.5
1,644.0,485.5,493.5,509.0,494.5,633.5
1,644.0,485.5,491.5,511.0,499.5,639.0
1,644.5,485.0,490.5,516.5,502.0,644.0
1,644.5,485.5,490.5,516.0,510.0,640.5
1,645.0,485.5,491.5,514.0,510.0,639.0
1,645.5,485.5,493.0,513.0,510.0,639.0
1,646.0,486.0,494.0,512.5,517.0,640.0
1,646.5,486.0,493.5,512.5,518.0,640.5
1,646.5,486.0,493.0,512.5,517.0,641.0
1,646.0,485.5,492.0,512.5,515.0,641.0
1,646.0,485.5,490.0,513.0,511.5,644.5
1,646.0,485.0,489.5,512.5,510.0,644.5
1,646.5,485.0,489.0,512.0,509.5,643.0
1,646.5,484.0,489.5,512.0,509.5,643.0
1,646.5,483.5,489.5,511.5,512.0,640.0
1,646.5,482.5,490.5,509.0,517.0,631.5
1,646.0,481.5,490.0,509.0,516.5,633.0
1,645.5,480.5,489.5,509.0,516.5,631.0
1,645.5,479.0,489.0,509.0,515.0,629.5
1,645.5,478.5,489.0,509.0,514.5,629.0
1,646.0,477.5,489.0,508.5,521.5,622.5
1,646.0,477.5,488.0,508.5,520.0,624.0
1,646.0,477.5,487.5,509.0,510.0,631.5
1,646.0,477.5,487.0,508.5,510.5,631.0
1,646.0,477.5,485.0,509.0,517.0,629.5
1,646.0,477.5,485.5,510.0,517.5,629.5
1,645.0,477.5,485.0,510.0,521.0,625.0
1,644.5,477.5,486.5,510.0,524.5,624.0
1,644.0,477.5,485.5,510.0,522.5,624.5
1,643.5,477.5,485.0,509.5,517.0,629.5
1,644.0,477.5,485.5,509.0,513.0,633.0
1,644.0,477.5,485.5,509.0,512.0,632.5
1,644.0,477.5,486.0,507.5,512.5,632.0
1,644.0,477.0,486.0,507.0,513.5,627.0
1,644.0,477.0,487.5,507.0,511.5,625.5
1,644.0,476.5,487.5,506.5,511.5,623.0
1,644.0,476.0,490.0,506.0,511.0,622.0
1,644.0,476.0,489.0,506.0,511.0,621.5
1,644.5,477.0,488.5,507.0,510.5,622.0
1,644.5,477.0,488.0,506.5,510.5,622.5
1,644.5,477.0,490.0,495.0,509.0,621.0
1,644.5,477.0,490.5,494.5,509.0,621.0
1,644.0,476.0,496.0,496.5,503.5,621.5
1,643.5,476.0,494.5,493.0,504.5,622.0
1,643.0,476.5,493.0,495.5,505.0,624.5
1,642.0,476.5,490.5,494.0,509.0,624.0
1,642.0,476.5,490.5,490.5,510.0,620.5
1,642.5,475.5,497.0,493.0,504.0,618.0
1,643.0,475.0,495.5,493.0,505.0,627.0
1,646.0,475.0,495.5,500.0,504.5,634.0
1,646.0,474.5,494.5,500.5,504.0,636.0
1,647.5,475.0,494.0,504.0,504.5,638.5
1,648.0,476.5,493.5,506.0,504.5,638.5
1,649.5,479.5,492.5,505.5,505.0,639.5
1,651.5,481.0,489.5,507.5,504.5,650.0
1,651.5,482.0,489.0,506.0,514.0,649.5
1,651.5,482.5,489.0,507.0,509.5,651.5
1,652.0,483.5,488.0,507.0,508.5,648.5
1,654.0,483.5,488.5,507.0,510.5,645.5
1,654.0,484.0,487.5,506.5,516.5,638.5
1,654.0,484.0,486.5,506.5,521.0,635.0
1,654.0,484.0,486.0,506.5,521.0,635.5
1,654.5,485.5,487.0,498.5,518.5,634.5
1,653.5,485.5,487.0,503.0,516.5,636.0
1,652.0,485.5,487.0,504.5,515.5,636.0
1,648.5,484.5,486.5,505.5,515.5,633.0
1,647.0,484.5,486.0,506.5,516.0,632.5
1,646.5,484.0,485.5,506.5,524.5,624.0
1,647.0,483.0,484.0,506.5,522.5,626.5
1,648.5,482.0,482.5,507.0,506.5,627.5
1,649.5,480.5,483.0,506.0,502.0,624.0
1,650.0,480.0,485.5,496.5,507.5,625.0
1,650.0,479.0,485.5,503.0,509.0,625.5
1,650.0,478.0,488.5,496.5,509.5,623.0
1,649.5,478.0,487.5,503.5,521.5,623.5
1,649.0,478.0,487.0,506.0,531.0,624.0
1,648.5,477.5,484.0,509.0,532.0,625.5
1,648.0,477.0,483.0,510.0,528.0,631.5
1,647.0,477.0,482.0,510.0,515.5,637.5
1,646.5,476.5,481.5,510.0,518.0,637.0
1,645.5,475.5,481.5,509.5,519.5,635.5
1,645.0,475.5,480.5,509.5,523.0,633.5
1,644.0,475.5,480.5,509.5,525.5,629.0
1,643.5,476.0,480.5,509.5,531.0,624.0
1,644.0,476.0,481.0,509.5,535.0,622.0
1,644.0,476.5,481.0,509.5,539.5,619.5
1,644.0,477.5,481.0,509.0,535.5,620.0
1,644.0,478.0,481.0,508.5,534.0,621.0
1,644.5,478.5,480.5,509.0,529.0,624.5
1,644.5,478.5,480.0,509.0,527.0,626.0
1,644.5,479.5,480.0,509.0,524.0,629.0
1,645.5,479.5,480.5,509.0,523.0,630.5
1,645.5,479.5,481.0,508.0,521.0,631.5
1,646.0,479.5,481.5,507.5,521.0,632.0
1,647.0,479.5,481.5,507.5,519.0,631.5
1,647.5,479.0,482.0,507.0,522.5,629.0
1,647.5,478.5,482.5,507.5,522.5,629.0
1,647.5,477.5,482.5,507.0,522.5,627.0
1,647.5,477.5,483.5,507.0,514.0,628.0
1,647.5,476.5,484.0,507.0,507.0,628.5
1,647.5,476.0,484.0,496.5,506.0,629.5
1,647.5,476.0,484.5,495.0,507.5,629.5
1,647.5,475.0,485.5,492.5,501.0,628.0
1,648.0,475.0,485.5,492.5,499.0,627.5
1,648.0,474.5,485.0,493.0,502.0,627.5
1,648.0,476.0,486.5,493.0,504.0,627.5
1,648.0,476.5,486.0,494.0,506.5,628.5
1,648.0,477.5,486.5,494.5,515.5,628.5
1,647.0,477.5,486.0,503.5,513.5,630.0
1,647.0,479.0,486.0,505.5,513.0,632.5
1,648.0,479.5,486.0,506.5,515.5,632.5
1,648.5,479.5,487.0,506.5,520.5,634.5
1,650.0,480.0,488.0,507.5,517.5,645.0
1,650.5,480.0,489.5,507.0,517.0,644.0
1,651.0,480.0,488.0,508.0,514.5,651.0
1,652.5,483.5,489.5,508.0,514.5,651.0
1,655.0,485.0,491.0,508.0,517.5,647.5
1,655.5,484.5,496.0,508.5,517.0,649.0
1,654.5,482.5,498.0,501.0,517.5,646.5
1,652.5,481.0,499.0,498.0,517.5,644.0
1,651.5,478.5,499.5,496.0,518.0,640.5
1,649.5,476.5,499.5,497.0,514.0,642.0
1,648.0,475.5,500.0,497.5,511.0,642.0
1,646.5,474.5,500.0,497.5,508.5,644.5
1,645.5,473.5,499.5,498.5,504.5,640.0
1,646.5,474.5,499.0,498.5,500.0,635.0
1,648.0,475.0,501.0,497.0,496.0,624.5
1,647.5,475.5,501.5,495.5,493.0,621.0
1,647.5,475.5,499.5,495.5,493.5,622.0
1,646.0,476.5,494.0,496.5,495.5,625.5
1,645.5,476.5,492.5,497.0,494.5,627.5
1,645.0,477.0,490.0,506.5,494.5,638.0
1,645.0,477.0,490.5,509.0,497.5,643.5
1,644.5,476.5,492.0,508.0,500.0,645.0
1,643.5,476.5,490.0,509.5,502.0,656.0
1,642.0,476.5,488.5,511.0,502.5,658.5
1,642.0,477.0,489.0,509.0,502.5,657.5
1,641.5,477.0,489.5,508.5,502.5,653.0
1,641.5,477.5,487.5,509.0,500.5,637.5
1,642.0,477.5,487.0,509.0,500.5,639.0
1,642.0,478.0,487.0,510.0,502.5,640.0
1,642.0,477.5,487.5,509.5,503.5,640.5
1,643.5,477.5,487.5,509.5,504.0,639.5
1,644.0,477.5,487.5,509.5,503.5,634.5
1,644.0,477.5,487.0,510.0,500.5,635.5
1,644.0,477.5,487.0,509.5,500.5,635.0
1,644.0,478.0,486.5,509.5,501.0,636.5
1,644.5,478.0,486.5,509.5,502.0,637.0
1,645.5,478.0,486.5,509.5,505.5,637.5
1,645.5,478.0,487.0,509.5,508.0,636.5
1,645.5,478.0,486.5,509.0,510.5,634.5
1,645.5,477.5,486.0,509.5,510.5,634.5
1,644.5,477.5,486.5,510.0,512.5,631.5
1,645.0,477.0,488.0,509.5,514.0,632.5
1,644.5,477.0,488.0,510.0,513.0,632.0
1,644.5,476.5,487.5,510.5,513.5,632.5
1,644.5,476.0,487.5,510.5,513.0,633.0
1,644.5,476.0,489.0,502.5,512.5,633.5
1,644.0,475.5,486.5,506.0,512.5,633.5
1,644.5,475.0,484.5,507.5,512.0,634.5
1,644.5,475.0,484.0,508.5,510.5,635.5
1,644.5,475.5,484.5,509.5,510.5,635.0
1,644.5,475.5,484.0,509.5,510.5,637.5
1,644.0,475.5,483.5,509.5,510.0,641.0
1,644.0,475.5,483.5,509.5,508.0,644.0
1,644.0,476.0,483.5,509.5,508.5,643.0
1,644.5,476.5,484.0,510.0,507.0,646.5
1,645.0,476.5,484.5,510.0,507.0,645.0
1,644.5,477.5,485.0,510.0,506.5,647.0
1,645.5,478.0,485.0,510.0,506.0,647.0
1,645.0,478.0,485.0,510.0,505.5,647.0
1,645.0,478.5,484.5,510.0,510.5,644.0
1,645.5,479.0,484.0,510.0,510.0,644.5
1,646.0,479.0,484.0,510.5,511.5,644.0
1,646.0,479.5,484.0,509.5,512.5,640.5
1,646.0,479.5,484.5,509.0,516.0,638.5
1,646.0,479.5,485.0,509.0,519.5,637.0
1,645.5,480.0,485.0,509.0,521.0,637.0
1,645.0,480.5,485.0,509.0,522.5,634.5
1,645.5,481.0,484.0,509.5,522.0,633.5
1,646.0,481.0,484.5,509.5,522.5,632.0
1,646.5,481.5,485.0,509.5,524.5,632.5
1,646.5,481.5,486.5,509.5,526.0,632.5
1,645.5,481.5,487.5,509.5,523.5,632.0
1,644.5,481.5,488.0,509.0,524.0,632.5
1,643.5,481.0,488.0,509.0,516.5,634.0
1,643.0,481.0,490.5,508.5,533.5,628.5
1,643.5,480.5,492.0,508.0,536.0,628.0
1,643.5,480.5,492.5,507.5,538.5,626.5
1,643.0,480.5,492.0,507.5,548.5,617.0
1,643.0,480.5,495.0,507.5,551.0,615.0
1,642.5,480.5,496.0,507.5,546.5,618.5
1,642.5,480.5,496.0,507.0,545.5,619.5
1,643.5,480.5,496.5,507.0,544.0,618.0
1,644.0,481.0,495.5,508.0,522.5,617.5
1,645.0,481.0,494.0,508.0,527.0,619.0
1,645.5,481.5,494.0,507.5,524.5,619.5
1,645.5,481.5,491.5,507.5,516.5,617.5
1,646.0,481.0,496.0,488.5,500.5,614.5
1,646.0,481.0,493.0,498.5,510.5,615.5
1,646.0,481.0,491.5,502.5,513.0,622.5
1,646.0,481.5,486.0,507.0,515.0,626.5
1,645.0,482.0,484.0,509.5,516.5,628.5
1,645.0,482.0,484.5,509.5,519.5,628.0
1,645.5,482.5,493.0,495.0,526.5,627.5
1,645.0,482.5,490.5,503.0,526.5,629.5
1,645.5,482.5,491.0,496.0,527.0,629.5
1,645.5,483.0,491.5,494.0,527.0,629.0
1,646.0,483.0,495.0,492.0,529.0,628.0
1,646.5,483.0,500.0,492.5,536.0,628.0
1,646.5,483.5,501.0,493.0,534.5,628.0
1,646.5,484.0,499.5,492.5,533.5,628.0
1,646.5,484.0,499.0,493.0,533.5,628.5
1,646.5,483.5,498.5,493.0,536.0,627.5
1,646.5,483.5,498.5,492.5,536.5,627.0
1,646.0,483.0,493.0,503.5,535.5,627.0
1,645.5,483.0,493.0,499.0,535.5,626.5
1,645.0,483.0,493.0,497.0,535.0,626.5
1,645.0,483.0,492.0,504.5,535.0,626.5
1,645.0,482.5,490.5,506.5,534.5,626.5
1,644.5,482.5,490.0,507.0,531.0,627.0
1,644.5,482.5,489.5,508.0,529.5,627.0
1,644.5,482.5,489.0,508.0,528.5,627.5
1,644.5,482.5,489.0,508.0,526.5,627.5
1,645.0,482.5,489.5,508.0,526.5,628.5
1,645.0,482.5,489.5,508.0,527.0,628.0
1,646.0,482.5,489.5,508.0,527.0,629.0
1,646.0,482.5,489.0,508.5,526.5,629.0
1,646.0,483.0,489.0,508.5,526.0,629.5
1,646.0,483.0,489.0,508.5,525.0,629.0
1,646.0,483.0,489.0,508.5,525.0,629.0
1,645.5,482.5,487.5,508.5,523.5,629.0
1,644.5,482.5,486.5,508.5,523.0,628.5
1,644.5,482.5,486.5,508.5,522.0,628.5
1,644.5,482.0,486.5,508.5,523.0,629.0
1,644.5,482.0,486.5,509.0,523.5,629.0
1,644.5,482.0,487.0,509.0,525.0,629.0
1,644.5,482.0,487.0,509.0,525.0,629.0
1,644.5,482.5,490.5,508.0,525.0,628.5
1,644.5,483.5,489.5,508.5,520.0,629.5
1,644.5,483.5,489.0,508.5,520.0,629.0
1,645.0,484.5,489.0,508.0,520.5,631.0
1,645.5,484.5,488.0,510.0,520.5,632.5
1,645.5,485.0,488.5,510.0,521.5,632.5
1,645.0,485.0,489.0,510.0,524.5,630.5
1,645.0,485.0,488.5,510.0,523.0,630.5
1,644.5,485.5,487.5,510.0,517.0,630.5
1,644.5,485.5,487.5,510.5,518.0,630.5
1,643.5,485.5,488.0,510.5,514.0,632.5
1,643.5,485.5,488.0,511.0,519.5,632.5
1,643.0,485.5,493.5,498.0,521.5,631.5
1,643.0,485.5,498.0,494.0,516.0,627.0
1,644.0,485.5,505.0,492.0,524.5,626.0
1,644.5,486.5,504.5,492.5,530.5,625.5
1,644.5,486.0,507.0,494.0,531.0,625.5
1,644.5,486.0,502.0,501.0,531.5,625.0
1,644.0,486.0,497.0,503.5,514.0,625.0
1,644.0,485.0,493.0,507.0,507.0,632.0
1,644.5,485.0,492.0,507.5,504.0,639.5
1,644.5,485.0,491.0,508.0,507.5,638.5
1,644.5,485.0,490.5,507.5,507.0,640.0
1,644.5,485.0,491.0,507.5,506.5,640.5
1,645.0,485.0,490.0,507.5,508.0,641.5
1,645.0,484.5,490.0,507.5,512.0,640.0
1,645.5,484.5,490.0,509.5,512.0,639.5
1,646.5,484.5,491.5,509.0,519.5,638.5
1,647.0,485.0,507.5,498.5,534.5,629.0
1,647.0,485.0,504.0,503.0,531.5,629.5
1,647.0,485.0,498.5,505.5,528.5,631.5
1,647.0,485.0,497.0,507.5,528.5,632.0
1,647.5,485.0,496.0,508.0,530.5,630.0
1,646.5,485.0,493.5,508.5,529.5,631.0
1,646.0,484.5,493.0,509.0,528.5,632.5
1,645.5,484.5,493.0,509.0,528.0,633.5
1,645.0,484.0,492.0,511.0,527.5,635.5
1,645.0,484.0,492.5,510.5,527.5,635.5
1,645.5,484.5,492.5,510.5,527.0,635.0
1,646.0,484.5,492.0,510.5,526.5,635.0
1,646.5,484.5,492.0,511.0,525.0,636.0
1,647.0,484.5,491.0,511.5,521.0,636.5
1,647.5,484.5,490.5,511.5,517.5,639.5
1,648.0,484.5,492.5,510.5,517.5,639.0
1,648.0,484.5,491.0,510.0,511.0,640.0
1,647.0,484.5,491.0,509.5,512.0,637.0
1,646.5,484.5,490.5,508.5,514.5,630.5
1,646.5,485.0,487.5,509.0,515.0,631.0
1,646.0,484.0,488.5,508.0,521.5,628.5
1,645.5,483.5,488.5,508.5,531.0,625.0
1,645.0,482.5,488.0,508.5,532.5,624.5
1,645.0,481.0,488.0,509.0,531.0,626.0
1,645.0,480.0,487.5,509.0,531.5,626.0
1,644.0,480.5,487.5,509.0,530.5,626.5
1,643.5,480.0,486.0,509.0,513.0,631.5
1,642.5,479.5,486.0,509.0,509.5,632.5
1,643.0,479.0,485.5,509.0,508.5,632.5
1,643.0,479.0,484.5,509.5,509.0,632.0
1,643.0,478.5,484.5,510.5,511.0,630.0
1,643.0,478.0,485.0,510.5,513.5,628.5
1,643.5,477.5,485.0,510.0,529.0,624.5
1,643.0,476.0,485.0,510.0,536.0,622.0
1,644.0,476.0,485.5,509.5,519.0,630.5
1,645.0,476.0,485.5,509.5,511.0,633.5
1,645.5,476.0,485.5,509.5,510.5,636.0
1,646.0,476.0,485.0,509.5,511.5,635.5
1,646.0,476.5,485.0,510.0,506.5,642.0
1,646.5,476.5,485.5,510.0,503.5,648.5
1,646.0,476.0,485.5,509.5,504.0,645.0
1,646.0,476.0,485.0,509.5,504.5,644.0
1,645.5,476.0,485.0,510.0,505.0,643.0
1,645.0,476.5,483.5,510.0,505.0,643.0
1,644.5,477.0,482.5,510.5,505.0,642.5
1,644.5,477.0,482.5,511.0,505.5,636.5
1,644.5,477.0,482.5,510.5,506.0,634.5
1,645.0,477.5,482.0,510.5,510.0,631.5
1,645.0,477.5,481.5,510.5,512.0,630.5
1,644.5,478.0,483.0,509.0,513.5,630.0
1,644.5,478.0,484.5,508.0,514.0,627.0
1,644.5,477.5,485.5,507.5,513.5,626.5
1,644.5,477.5,486.0,507.5,513.5,624.0
1,644.5,477.5,486.0,507.5,513.5,624.0
1,644.5,477.0,486.5,508.0,508.5,625.0
1,644.5,477.0,486.5,508.0,505.0,624.0
1,645.0,476.5,487.5,508.0,505.5,622.5
1,645.0,476.5,489.0,507.0,506.5,621.5
1,645.0,476.5,489.5,507.0,506.5,622.5
1,644.0,476.5,488.5,507.0,506.5,622.5
1,643.5,476.5,488.0,507.0,506.5,622.5
1,642.5,476.5,487.0,507.0,506.0,622.5
1,642.5,476.5,486.0,506.0,506.0,623.5
1,641.5,476.5,484.5,507.0,505.5,634.0
1,641.0,476.0,483.0,507.0,506.5,631.0
1,641.0,476.0,485.0,498.5,507.5,630.0
1,641.0,476.0,488.0,496.5,506.5,629.0
1,641.5,476.0,489.5,500.5,506.0,634.5
1,642.0,476.5,488.5,504.0,506.0,635.5
1,642.0,477.0,485.0,509.0,506.5,635.5
1,641.5,477.5,484.0,511.0,507.0,635.0
1,641.0,477.5,483.0,511.0,505.5,633.0
1,641.5,478.0,483.0,500.0,503.0,629.5
1,642.0,478.0,486.0,493.5,499.5,623.5
1,644.0,478.0,493.5,497.0,495.5,619.5
1,646.0,478.0,497.0,498.0,495.5,619.0
1,647.0,477.5,496.5,498.5,496.5,622.5
1,647.0,476.5,492.5,495.5,497.5,623.5
1,647.0,476.0,492.0,501.0,500.0,633.0
1,646.0,475.5,490.5,501.0,504.0,636.5
1,646.0,475.5,489.5,500.5,505.0,638.0
1,646.5,475.5,489.0,500.5,505.0,644.0
1,647.5,476.5,490.5,504.5,509.0,640.0
1,648.5,477.5,490.5,505.5,508.0,639.0
1,648.5,479.0,488.5,506.0,517.0,634.0
1,650.5,480.5,487.0,505.5,520.5,633.5
1,650.5,481.0,483.5,505.0,524.0,628.5
1,650.5,481.5,482.0,495.5,523.0,627.5
1,651.0,482.5,481.0,501.0,519.0,633.5
1,651.0,484.5,480.5,504.5,516.0,636.0
1,652.0,486.0,479.0,504.5,516.0,636.0
1,652.0,485.5,480.0,505.0,521.5,634.0
1,652.0,486.0,480.5,505.0,527.5,624.5
1,652.5,485.5,480.5,504.5,530.5,617.5
1,652.5,486.0,487.5,491.0,538.0,608.5
1,652.0,486.0,486.5,490.5,536.0,610.0
1,651.5,486.0,488.0,490.0,533.5,609.5
1,651.5,485.5,488.5,489.5,532.5,608.5
1,651.5,485.0,490.0,490.5,536.0,606.0
1,651.0,484.0,490.5,491.5,536.0,605.0
1,650.0,481.5,490.5,491.5,535.0,607.5
1,650.0,481.0,490.0,492.5,534.5,608.0
1,650.0,481.0,488.5,493.0,530.5,608.5
1,650.0,480.5,488.0,493.5,531.5,609.5
1,650.0,479.5,483.5,493.5,520.0,613.5
1,649.5,478.0,479.5,493.5,504.5,623.5
1,649.0,478.0,480.0,493.0,509.5,622.0
1,649.0,477.5,480.0,492.5,507.5,621.5
1,649.0,477.0,480.0,493.0,505.0,623.0
1,649.0,476.5,480.0,492.5,506.5,623.5
1,648.5,474.5,480.0,492.0,508.0,623.5
1,648.5,474.5,481.5,492.0,511.0,623.0
1,648.5,474.5,481.5,492.5,509.5,624.5
1,648.5,474.0,483.0,492.5,520.0,620.0
1,648.0,474.0,484.0,492.0,524.0,617.0
1,648.0,474.0,484.5,491.0,527.0,613.5
1,648.0,474.5,487.5,490.0,534.0,610.0
1,647.5,474.5,488.0,490.0,535.0,609.0
1,647.5,474.5,487.5,500.0,535.0,609.5
1,647.5,474.5,485.5,504.0,533.5,610.5
